nr,type,value,idvisit
2,pageidaction,6,1
2,pageidaction,10,2
2,pageidaction,NA,3
2,pageidaction,10,4
2,pageidaction,123,5
2,pageidaction,11,6
2,pageidaction,NA,7
2,pageidaction,NA,8
2,pageidaction,NA,9
2,pageidaction,NA,10
2,pageidaction,NA,11
2,pageidaction,10,12
2,pageidaction,7,13
2,pageidaction,NA,14
2,pageidaction,16,15
2,pageidaction,214,16
2,pageidaction,254,17
2,pageidaction,NA,18
2,pageidaction,254,19
2,pageidaction,NA,20
2,pageidaction,NA,21
2,pageidaction,2,22
2,pageidaction,NA,23
2,pageidaction,251,24
2,pageidaction,256,25
2,pageidaction,NA,26
2,pageidaction,NA,27
2,pageidaction,NA,28
2,pageidaction,NA,29
2,pageidaction,NA,30
2,pageidaction,NA,31
2,pageidaction,NA,32
2,pageidaction,NA,33
2,pageidaction,NA,34
2,pageidaction,NA,35
2,pageidaction,263,36
2,pageidaction,NA,37
2,pageidaction,NA,38
2,pageidaction,252,39
2,pageidaction,344,40
2,pageidaction,366,41
2,pageidaction,323,42
2,pageidaction,NA,43
2,pageidaction,NA,44
2,pageidaction,NA,45
2,pageidaction,3,46
2,pageidaction,NA,47
2,pageidaction,NA,48
2,pageidaction,368,49
2,pageidaction,256,50
2,pageidaction,NA,51
2,pageidaction,6,52
2,pageidaction,NA,53
2,pageidaction,2,54
2,pageidaction,NA,55
2,pageidaction,NA,56
2,pageidaction,3,57
2,pageidaction,NA,58
2,pageidaction,NA,59
2,pageidaction,NA,60
2,pageidaction,324,61
2,pageidaction,6,62
2,pageidaction,NA,63
2,pageidaction,NA,64
2,pageidaction,6,65
2,pageidaction,NA,66
2,pageidaction,10,67
2,pageidaction,NA,68
2,pageidaction,16,69
2,pageidaction,NA,70
2,pageidaction,344,71
2,pageidaction,NA,72
2,pageidaction,NA,73
2,pageidaction,325,74
2,pageidaction,NA,75
2,pageidaction,NA,76
2,pageidaction,3,77
2,pageidaction,3,77
2,pageidaction,344,78
2,pageidaction,344,78
2,pageidaction,NA,79
2,pageidaction,NA,79
2,pageidaction,344,80
2,pageidaction,344,80
2,pageidaction,NA,81
2,pageidaction,NA,81
2,pageidaction,NA,82
2,pageidaction,NA,82
2,pageidaction,343,83
2,pageidaction,343,83
2,pageidaction,NA,84
2,pageidaction,NA,84
2,pageidaction,3,85
2,pageidaction,3,85
2,pageidaction,3,86
2,pageidaction,3,86
2,pageidaction,343,87
2,pageidaction,343,87
2,pageidaction,343,88
2,pageidaction,343,88
2,pageidaction,2,89
2,pageidaction,2,89
2,pageidaction,343,90
2,pageidaction,343,90
2,pageidaction,343,91
2,pageidaction,343,91
2,pageidaction,3,92
2,pageidaction,3,92
2,pageidaction,343,93
2,pageidaction,343,93
2,pageidaction,344,94
2,pageidaction,344,94
2,pageidaction,3,95
2,pageidaction,3,95
2,pageidaction,NA,96
2,pageidaction,NA,96
2,pageidaction,3,97
2,pageidaction,3,97
2,pageidaction,2,98
2,pageidaction,2,98
2,pageidaction,NA,99
2,pageidaction,NA,99
2,pageidaction,344,100
2,pageidaction,344,100
2,pageidaction,343,101
2,pageidaction,343,101
2,pageidaction,3,102
2,pageidaction,3,102
2,pageidaction,343,103
2,pageidaction,343,103
2,pageidaction,343,104
2,pageidaction,343,104
2,pageidaction,343,105
2,pageidaction,343,105
2,pageidaction,343,106
2,pageidaction,343,106
2,pageidaction,NA,107
2,pageidaction,NA,107
2,pageidaction,343,108
2,pageidaction,343,108
2,pageidaction,NA,109
2,pageidaction,NA,109
2,pageidaction,343,110
2,pageidaction,343,110
2,pageidaction,3,111
2,pageidaction,3,111
2,pageidaction,344,112
2,pageidaction,344,112
2,pageidaction,343,113
2,pageidaction,343,113
2,pageidaction,339,114
2,pageidaction,339,114
2,pageidaction,343,115
2,pageidaction,343,115
2,pageidaction,343,116
2,pageidaction,343,116
2,pageidaction,343,117
2,pageidaction,343,117
2,pageidaction,NA,118
2,pageidaction,NA,118
2,pageidaction,343,119
2,pageidaction,343,119
2,pageidaction,343,120
2,pageidaction,343,120
2,pageidaction,344,121
2,pageidaction,344,121
2,pageidaction,3,122
2,pageidaction,3,122
2,pageidaction,343,123
2,pageidaction,343,123
2,pageidaction,344,124
2,pageidaction,344,124
2,pageidaction,343,125
2,pageidaction,343,125
2,pageidaction,344,126
2,pageidaction,344,126
2,pageidaction,344,127
2,pageidaction,344,127
2,pageidaction,343,128
2,pageidaction,343,128
2,pageidaction,344,129
2,pageidaction,344,129
2,pageidaction,344,130
2,pageidaction,344,130
2,pageidaction,2,131
2,pageidaction,2,131
2,pageidaction,344,132
2,pageidaction,344,132
2,pageidaction,3,133
2,pageidaction,3,133
2,pageidaction,NA,134
2,pageidaction,NA,134
2,pageidaction,344,135
2,pageidaction,344,135
2,pageidaction,3,136
2,pageidaction,3,136
2,pageidaction,3,137
2,pageidaction,3,137
2,pageidaction,247,138
2,pageidaction,247,138
2,pageidaction,NA,139
2,pageidaction,NA,139
2,pageidaction,NA,140
2,pageidaction,NA,140
2,pageidaction,10,141
2,pageidaction,10,141
2,pageidaction,NA,142
2,pageidaction,NA,142
2,pageidaction,48,143
2,pageidaction,48,143
2,pageidaction,NA,144
2,pageidaction,NA,144
2,pageidaction,343,145
2,pageidaction,343,145
2,pageidaction,344,146
2,pageidaction,344,146
2,pageidaction,263,147
2,pageidaction,263,147
2,pageidaction,NA,148
2,pageidaction,NA,148
2,pageidaction,263,149
2,pageidaction,263,149
2,pageidaction,344,150
2,pageidaction,344,150
2,pageidaction,NA,151
2,pageidaction,NA,151
2,pageidaction,NA,152
2,pageidaction,NA,152
2,pageidaction,344,153
2,pageidaction,344,153
2,pageidaction,344,154
2,pageidaction,344,154
2,pageidaction,344,155
2,pageidaction,344,155
2,pageidaction,344,156
2,pageidaction,344,156
2,pageidaction,NA,157
2,pageidaction,NA,157
2,pageidaction,324,158
2,pageidaction,324,158
2,pageidaction,NA,159
2,pageidaction,NA,159
2,pageidaction,339,160
2,pageidaction,339,160
2,pageidaction,368,161
2,pageidaction,NA,162
2,pageidaction,263,163
2,pageidaction,343,164
2,pageidaction,NA,165
2,pageidaction,343,166
2,pageidaction,NA,167
2,pageidaction,NA,168
2,pageidaction,NA,169
2,pageidaction,343,170
2,pageidaction,6,171
2,pageidaction,344,172
2,pageidaction,NA,173
2,pageidaction,NA,174
2,pageidaction,NA,175
2,pageidaction,344,176
2,pageidaction,NA,177
2,pageidaction,2,178
2,pageidaction,NA,179
2,pageidaction,344,180
2,pageidaction,343,181
2,pageidaction,263,182
2,pageidaction,NA,183
2,pageidaction,344,184
2,pageidaction,344,185
2,pageidaction,3,186
2,pageidaction,NA,187
2,pageidaction,NA,188
2,pageidaction,11,189
2,pageidaction,344,190
2,pageidaction,6,191
2,pageidaction,NA,192
2,pageidaction,NA,193
2,pageidaction,NA,194
2,pageidaction,769,195
2,pageidaction,NA,196
2,pageidaction,NA,197
2,pageidaction,NA,198
2,pageidaction,122,199
2,pageidaction,NA,200
2,pageidaction,330,201
2,pageidaction,NA,202
2,pageidaction,324,203
2,pageidaction,3,204
2,pageidaction,NA,205
2,pageidaction,325,206
2,pageidaction,324,207
2,pageidaction,344,208
2,pageidaction,NA,209
2,pageidaction,NA,210
2,pageidaction,324,211
2,pageidaction,NA,212
2,pageidaction,NA,213
2,pageidaction,NA,214
2,pageidaction,NA,215
2,pageidaction,325,216
2,pageidaction,NA,217
2,pageidaction,3,218
2,pageidaction,NA,219
2,pageidaction,NA,220
2,pageidaction,324,221
2,pageidaction,NA,222
2,pageidaction,2,223
2,pageidaction,NA,224
2,pageidaction,NA,225
2,pageidaction,NA,226
2,pageidaction,NA,227
2,pageidaction,2,228
2,pageidaction,NA,229
2,pageidaction,NA,230
2,pageidaction,324,231
2,pageidaction,NA,232
2,pageidaction,262,233
2,pageidaction,NA,234
2,pageidaction,NA,235
2,pageidaction,NA,236
2,pageidaction,324,237
2,pageidaction,NA,238
2,pageidaction,3,239
2,pageidaction,NA,240
2,pageidaction,325,241
2,pageidaction,324,242
2,pageidaction,323,243
2,pageidaction,NA,244
2,pageidaction,325,245
2,pageidaction,NA,246
2,pageidaction,324,247
2,pageidaction,NA,248
2,pageidaction,324,249
2,pageidaction,769,250
2,pageidaction,NA,251
2,pageidaction,324,252
2,pageidaction,769,253
2,pageidaction,769,254
2,pageidaction,324,255
2,pageidaction,325,256
2,pageidaction,325,257
2,pageidaction,325,258
2,pageidaction,769,259
2,pageidaction,324,260
2,pageidaction,NA,261
2,pageidaction,343,262
2,pageidaction,NA,263
2,pageidaction,769,264
2,pageidaction,NA,265
2,pageidaction,769,266
2,pageidaction,NA,267
2,pageidaction,768,268
2,pageidaction,NA,269
2,pageidaction,NA,270
2,pageidaction,NA,271
2,pageidaction,2,272
2,pageidaction,NA,273
2,pageidaction,NA,274
2,pageidaction,324,275
2,pageidaction,324,276
2,pageidaction,324,277
2,pageidaction,330,278
2,pageidaction,344,279
2,pageidaction,325,280
2,pageidaction,344,281
2,pageidaction,324,282
2,pageidaction,NA,283
2,pageidaction,263,284
2,pageidaction,344,285
2,pageidaction,NA,286
2,pageidaction,325,287
2,pageidaction,343,288
2,pageidaction,7,289
2,pageidaction,325,290
2,pageidaction,NA,291
2,pageidaction,324,292
2,pageidaction,2,293
2,pageidaction,2,293
2,pageidaction,NA,294
2,pageidaction,NA,294
2,pageidaction,NA,295
2,pageidaction,NA,295
2,pageidaction,769,296
2,pageidaction,769,296
2,pageidaction,10,297
2,pageidaction,10,297
2,pageidaction,3,298
2,pageidaction,3,298
2,pageidaction,344,299
2,pageidaction,344,299
2,pageidaction,769,300
2,pageidaction,769,300
2,pageidaction,NA,301
2,pageidaction,NA,301
2,pageidaction,NA,302
2,pageidaction,NA,302
2,pageidaction,343,303
2,pageidaction,343,303
2,pageidaction,344,304
2,pageidaction,344,304
2,pageidaction,NA,305
2,pageidaction,NA,305
2,pageidaction,769,306
2,pageidaction,769,306
2,pageidaction,251,307
2,pageidaction,251,307
2,pageidaction,NA,308
2,pageidaction,NA,308
2,pageidaction,769,309
2,pageidaction,769,309
2,pageidaction,769,310
2,pageidaction,769,310
2,pageidaction,NA,311
2,pageidaction,NA,311
2,pageidaction,325,312
2,pageidaction,325,312
2,pageidaction,NA,313
2,pageidaction,NA,313
2,pageidaction,NA,314
2,pageidaction,NA,314
2,pageidaction,325,315
2,pageidaction,325,315
2,pageidaction,2,316
2,pageidaction,2,316
2,pageidaction,NA,317
2,pageidaction,NA,317
2,pageidaction,NA,318
2,pageidaction,NA,318
2,pageidaction,768,319
2,pageidaction,NA,320
2,pageidaction,325,321
2,pageidaction,325,322
2,pageidaction,NA,323
2,pageidaction,NA,324
2,pageidaction,324,325
2,pageidaction,3,326
2,pageidaction,2,327
2,pageidaction,343,328
2,pageidaction,1745,329
2,pageidaction,769,330
2,pageidaction,768,331
2,pageidaction,NA,332
2,pageidaction,263,333
2,pageidaction,263,334
2,pageidaction,NA,335
2,pageidaction,NA,336
2,pageidaction,263,337
2,pageidaction,769,338
2,pageidaction,NA,339
2,pageidaction,325,340
2,pageidaction,NA,341
2,pageidaction,343,342
2,pageidaction,323,343
2,pageidaction,3,344
2,pageidaction,3,345
2,pageidaction,768,346
2,pageidaction,NA,347
2,pageidaction,3,348
2,pageidaction,344,349
2,pageidaction,323,350
2,pageidaction,343,351
2,pageidaction,NA,352
2,pageidaction,NA,353
2,pageidaction,344,355
2,pageidaction,343,356
2,pageidaction,NA,359
2,pageidaction,323,360
2,pageidaction,344,361
2,pageidaction,324,362
2,pageidaction,324,363
2,pageidaction,324,364
2,pageidaction,2,365
2,pageidaction,360,366
2,pageidaction,NA,367
2,pageidaction,324,368
2,pageidaction,NA,369
2,pageidaction,3,370
2,pageidaction,344,371
2,pageidaction,NA,372
2,pageidaction,324,373
2,pageidaction,325,374
2,pageidaction,325,375
2,pageidaction,2,376
2,pageidaction,344,377
2,pageidaction,NA,378
2,pageidaction,2,379
2,pageidaction,324,380
2,pageidaction,325,381
2,pageidaction,263,382
2,pageidaction,325,383
2,pageidaction,3,384
2,pageidaction,343,385
2,pageidaction,263,386
2,pageidaction,325,387
2,pageidaction,NA,388
2,pageidaction,NA,389
2,pageidaction,NA,390
2,pageidaction,2,391
2,pageidaction,263,392
2,pageidaction,768,393
2,pageidaction,263,394
2,pageidaction,324,395
2,pageidaction,6,396
2,pageidaction,NA,397
2,pageidaction,2,398
2,pageidaction,325,399
2,url,https://hans.th-nuernberg.de/video-player?uuid=cbee55f1-a3c2-4b4e-875c-6d2df898f661&evalId=none&role=everybody,2723
2,url,NA,2724
2,url,NA,2725
2,url,NA,2726
2,url,NA,2727
2,url,NA,2728
2,url,https://hans.th-nuernberg.de/?evalId=none&role=everybody,2729
2,url,https://hans.th-nuernberg.de/?evalId=none&role=everybody,2730
2,url,NA,2731
2,url,https://hans.th-nuernberg.de/video-player?uuid=b742a6ae-0409-4cb3-9a43-4a12f5e84f8e&evalId=8c9c0c88-6566-4992-9f45-71db53ec84f3&role=everybody,2732
2,url,https://hans.th-nuernberg.de/?evalId=none&role=everybody,2733
2,url,NA,2734
2,url,NA,2735
2,url,https://hans.th-nuernberg.de/search-results?evalId=none&role=everybody,2736
2,url,NA,2737
2,url,NA,2738
2,url,NA,2739
2,url,NA,2740
2,url,https://hans.th-nuernberg.de/login?evalId=none&role=undefined,2741
2,url,https://hans.th-nuernberg.de/video-player?uuid=15badf9c-4df5-4a22-b1a4-cfbd7aed7568&evalId=none&role=everybody,2742
2,url,https://hans.th-nuernberg.de/search-results?evalId=none&role=everybody,2743
2,url,NA,2744
2,url,https://hans.th-nuernberg.de/video-player?uuid=cbee55f1-a3c2-4b4e-875c-6d2df898f661&evalId=none&role=everybody,2745
2,url,NA,2746
2,url,NA,2747
2,url,https://hans.th-nuernberg.de/video-player?uuid=d2d00b66-5ffa-40e0-9cff-e26824de54e2&evalId=none&role=everybody,2748
2,url,https://hans.th-nuernberg.de/video-player?uuid=d2d00b66-5ffa-40e0-9cff-e26824de54e2&evalId=none&role=everybody,2749
2,url,NA,2750
2,url,https://hans.th-nuernberg.de/video-player?uuid=606fe512-874b-4540-b571-8d7c003837fa&evalId=none&role=everybody,2751
2,url,https://hans.th-nuernberg.de/video-player?uuid=606fe512-874b-4540-b571-8d7c003837fa&evalId=none&role=everybody,2752
2,url,NA,2753
2,url,https://hans.th-nuernberg.de/video-player?uuid=cbee55f1-a3c2-4b4e-875c-6d2df898f661&evalId=none&role=everybody,2754
2,url,https://hans.th-nuernberg.de/video-player?uuid=6b1790e8-cf01-499e-baa8-b8f6f21e4cb2&evalId=none&role=everybody,2755
2,url,https://hans.th-nuernberg.de/video-player?uuid=61796133-8227-438b-a620-d5e29e5fbca9&evalId=none&role=everybody,2756
2,url,https://hans.th-nuernberg.de/?evalId=none&role=everybody,2758
2,url,https://hans.th-nuernberg.de/video-player?uuid=cbd1dde2-47d7-425e-964c-997ef2aa0960&evalId=none&role=everybody,2759
2,url,NA,2760
2,url,https://hans.th-nuernberg.de/search-results?evalId=none&role=everybody,2761
2,url,https://hans.th-nuernberg.de/video-player?uuid=52fdc278-060e-4477-986c-9eb4abda2472&evalId=none&role=everybody,2762
2,url,NA,2763
2,url,NA,2764
2,url,https://hans.th-nuernberg.de/video-player?uuid=52fdc278-060e-4477-986c-9eb4abda2472&evalId=none&role=everybody,2765
2,url,NA,2766
2,url,NA,2767
2,url,https://hans.th-nuernberg.de/video-player?uuid=b78e63d6-6a71-4a9c-a59e-45ea8ce55f13&evalId=none&role=everybody,2768
2,url,NA,2769
2,url,https://hans.th-nuernberg.de/video-player?uuid=6b1790e8-cf01-499e-baa8-b8f6f21e4cb2&evalId=none&role=everybody,2770
2,url,https://hans.th-nuernberg.de/video-player?uuid=15badf9c-4df5-4a22-b1a4-cfbd7aed7568&evalId=none&role=everybody,2771
2,url,https://hans.th-nuernberg.de/video-player?uuid=d55eb925-030c-4e3c-96aa-14f09ee35cba&evalId=none&role=everybody,2772
2,url,NA,2773
2,url,https://hans.th-nuernberg.de/video-player?uuid=b78e63d6-6a71-4a9c-a59e-45ea8ce55f13&evalId=none&role=everybody,2774
2,url,NA,2775
2,url,NA,2776
2,url,https://hans.th-nuernberg.de/video-player?uuid=1af4fee4-7999-4579-8eb0-33210b13ce4e&evalId=none&role=everybody,2777
2,url,https://hans.th-nuernberg.de/video-player?uuid=d55eb925-030c-4e3c-96aa-14f09ee35cba&evalId=none&role=everybody,2778
2,url,https://hans.th-nuernberg.de/video-player?uuid=afc55220-dca0-48de-b386-065647811d38&evalId=none&role=everybody,2779
2,url,https://hans.th-nuernberg.de/video-player?uuid=1af4fee4-7999-4579-8eb0-33210b13ce4e&evalId=none&role=everybody,2780
2,url,NA,2781
2,url,https://hans.th-nuernberg.de/video-player?uuid=3d1aecc2-6642-41c5-b17b-75d06526ee61&evalId=none&role=everybody,2782
2,url,https://hans.th-nuernberg.de/video-player?uuid=bd2cd185-5297-48e6-9399-d41c36d16d95&evalId=none&role=everybody,2783
2,url,https://hans.th-nuernberg.de/video-player?uuid=1c165034-681f-483a-8fe2-a315b1b29559&evalId=none&role=everybody,2784
2,url,https://hans.th-nuernberg.de/video-player?uuid=15badf9c-4df5-4a22-b1a4-cfbd7aed7568&evalId=none&role=everybody,2785
2,url,https://hans.th-nuernberg.de/?evalId=none&role=everybody,2786
2,url,https://hans.th-nuernberg.de/search-results?evalId=none&role=everybody,2787
2,url,NA,2788
2,url,https://hans.th-nuernberg.de/login?evalId=none&role=undefined,2789
2,url,NA,2790
2,url,NA,2791
2,url,NA,2792
2,url,https://hans.th-nuernberg.de/video-player?uuid=cbee55f1-a3c2-4b4e-875c-6d2df898f661&evalId=none&role=everybody,2793
2,url,https://hans.th-nuernberg.de/video-player?uuid=6b1790e8-cf01-499e-baa8-b8f6f21e4cb2&evalId=none&role=everybody,2794
2,url,https://hans.th-nuernberg.de/search-results?evalId=none&role=everybody,2795
2,url,NA,2796
2,url,NA,2797
2,url,NA,2798
2,url,https://hans.th-nuernberg.de/search-results?evalId=none&role=everybody,2799
2,url,https://hans.th-nuernberg.de/?evalId=none&role=everybody,2800
2,url,NA,2801
2,url,https://hans.th-nuernberg.de/video-player?uuid=bd2cd185-5297-48e6-9399-d41c36d16d95&evalId=none&role=everybody,2802
2,url,https://hans.th-nuernberg.de/search-results?evalId=none&role=everybody,2803
2,url,NA,2804
2,url,https://hans.th-nuernberg.de/video-player?uuid=e92f5395-f02a-4566-94a0-d02ded54c18a&evalId=none&role=everybody,2805
2,url,https://hans.th-nuernberg.de/search-results?evalId=none&role=everybody,2806
2,url,NA,2807
2,url,https://hans.th-nuernberg.de/video-player?uuid=e92f5395-f02a-4566-94a0-d02ded54c18a&evalId=none&role=everybody,2808
2,url,NA,2809
2,url,https://hans.th-nuernberg.de/video-player?uuid=ca1dc850-6545-4680-a03c-44f4d3762f74&evalId=none&role=everybody,2810
2,url,https://hans.th-nuernberg.de/video-player?uuid=cbee55f1-a3c2-4b4e-875c-6d2df898f661&evalId=none&role=everybody,2811
2,url,NA,2812
2,url,https://hans.th-nuernberg.de/video-player?uuid=606fe512-874b-4540-b571-8d7c003837fa&evalId=none&role=everybody,2813
2,url,https://hans.th-nuernberg.de/video-player?uuid=606fe512-874b-4540-b571-8d7c003837fa&evalId=none&role=everybody,2814
2,url,https://hans.th-nuernberg.de/video-player?uuid=cbee55f1-a3c2-4b4e-875c-6d2df898f661&evalId=none&role=everybody,2815
2,url,https://hans.th-nuernberg.de/video-player?uuid=b78e63d6-6a71-4a9c-a59e-45ea8ce55f13&evalId=none&role=everybody,2816
2,url,https://hans.th-nuernberg.de/video-player?uuid=a59465a2-6ea8-46ad-8aed-495d0e41518a&evalId=none&role=everybody,2817
2,url,https://hans.th-nuernberg.de/video-player?uuid=d2d00b66-5ffa-40e0-9cff-e26824de54e2&evalId=none&role=everybody,2818
2,url,https://hans.th-nuernberg.de/video-player?uuid=52fdc278-060e-4477-986c-9eb4abda2472&evalId=none&role=everybody,2819
2,url,https://hans.th-nuernberg.de/video-player?uuid=6b1790e8-cf01-499e-baa8-b8f6f21e4cb2&evalId=none&role=everybody,2820
2,url,https://hans.th-nuernberg.de/video-player?uuid=a59465a2-6ea8-46ad-8aed-495d0e41518a&evalId=none&role=everybody,2821
2,url,NA,2822
2,url,https://hans.th-nuernberg.de/video-player?uuid=d2d00b66-5ffa-40e0-9cff-e26824de54e2&evalId=none&role=everybody,2823
2,url,https://hans.th-nuernberg.de/video-player?uuid=a59465a2-6ea8-46ad-8aed-495d0e41518a&evalId=none&role=everybody,2824
2,url,NA,2825
2,url,https://hans.th-nuernberg.de/video-player?uuid=52fdc278-060e-4477-986c-9eb4abda2472&evalId=none&role=everybody,2826
2,url,https://hans.th-nuernberg.de/video-player?uuid=bd2cd185-5297-48e6-9399-d41c36d16d95&evalId=none&role=everybody,2827
2,url,https://hans.th-nuernberg.de/video-player?uuid=94c834d7-95ac-4771-868d-e2711fde9f3f&evalId=none&role=everybody,2828
2,url,https://hans.th-nuernberg.de/video-player?uuid=d7d22fe8-b6b6-49d6-bdc7-c00979f9161a&evalId=none&role=everybody,2829
2,url,NA,2830
2,url,NA,2831
2,url,https://hans.th-nuernberg.de/video-player?uuid=d2d00b66-5ffa-40e0-9cff-e26824de54e2&evalId=none&role=everybody,2832
2,url,NA,2833
2,url,https://hans.th-nuernberg.de/?evalId=none&role=everybody,2834
2,url,https://hans.th-nuernberg.de/video-player?uuid=d2d00b66-5ffa-40e0-9cff-e26824de54e2&evalId=none&role=everybody,2835
2,url,https://hans.th-nuernberg.de/search-results?evalId=none&role=everybody,2836
2,url,https://hans.th-nuernberg.de/?evalId=none&role=everybody,2837
2,url,NA,2838
2,url,https://hans.th-nuernberg.de/video-player?uuid=28ea31c3-ba8e-4fb6-93cf-aab7894c0048&evalId=none&role=everybody,2839
2,url,NA,2840
2,url,NA,2841
2,url,https://hans.th-nuernberg.de/video-player?uuid=e92f5395-f02a-4566-94a0-d02ded54c18a&evalId=none&role=everybody,2842
2,url,NA,2843
2,url,NA,2844
2,url,https://hans.th-nuernberg.de/video-player?uuid=e76d5ffc-5115-4d15-8772-8e85acb841f0&evalId=none&role=everybody,2845
2,url,https://hans.th-nuernberg.de/video-player?uuid=606fe512-874b-4540-b571-8d7c003837fa&evalId=none&role=everybody,2846
2,url,NA,2847
2,url,https://hans.th-nuernberg.de/video-player?uuid=606fe512-874b-4540-b571-8d7c003837fa&evalId=none&role=everybody,2848
2,url,https://hans.th-nuernberg.de/video-player?uuid=6b1790e8-cf01-499e-baa8-b8f6f21e4cb2&evalId=none&role=everybody,2849
2,url,NA,2850
2,url,https://hans.th-nuernberg.de/video-player?uuid=133155ff-d237-4063-90bc-15e19e0d89ec&evalId=none&role=everybody,2851
2,url,https://hans.th-nuernberg.de/video-player?uuid=15badf9c-4df5-4a22-b1a4-cfbd7aed7568&evalId=none&role=everybody,2852
2,url,https://hans.th-nuernberg.de/video-player?uuid=15badf9c-4df5-4a22-b1a4-cfbd7aed7568&evalId=none&role=everybody,2853
2,url,NA,2854
2,url,https://hans.th-nuernberg.de/search-results?evalId=313bc85b-ad42-4267-b705-bafd5896038b&role=everybody,2855
2,url,https://hans.th-nuernberg.de/video-player?uuid=2c53ae0c-65bd-4cfa-962d-1fb3c407ed4e&evalId=none&role=everybody,2856
2,url,https://hans.th-nuernberg.de/login?evalId=none&role=undefined,2857
2,url,https://hans.th-nuernberg.de/video-player?uuid=606fe512-874b-4540-b571-8d7c003837fa&evalId=none&role=everybody,2858
2,url,https://hans.th-nuernberg.de/video-player?uuid=15badf9c-4df5-4a22-b1a4-cfbd7aed7568&evalId=none&role=everybody,2859
2,url,https://hans.th-nuernberg.de/search-results?evalId=none&role=everybody,2860
2,url,NA,2861
2,url,https://hans.th-nuernberg.de/search-results?evalId=none&role=everybody,2862
2,url,https://hans.th-nuernberg.de/video-player?uuid=e92f5395-f02a-4566-94a0-d02ded54c18a&evalId=none&role=everybody,2863
2,url,NA,2864
2,url,https://hans.th-nuernberg.de/login?evalId=none&role=undefined,2865
2,url,NA,2866
2,url,NA,2867
2,url,https://hans.th-nuernberg.de/video-player?uuid=52667a52-996c-4e36-be01-a9dd99bdfadb&evalId=none&role=everybody,2868
2,url,NA,2869
2,url,NA,2870
2,url,https://hans.th-nuernberg.de/video-player?uuid=2c53ae0c-65bd-4cfa-962d-1fb3c407ed4e&evalId=none&role=everybody,2871
2,url,NA,2872
2,url,https://hans.th-nuernberg.de/search-results?evalId=none&role=everybody,2873
2,url,https://hans.th-nuernberg.de/search-results?evalId=none&role=everybody,2873
2,url,https://hans.th-nuernberg.de/video-player?uuid=d2d00b66-5ffa-40e0-9cff-e26824de54e2&evalId=none&role=everybody,2874
2,url,https://hans.th-nuernberg.de/video-player?uuid=d2d00b66-5ffa-40e0-9cff-e26824de54e2&evalId=none&role=everybody,2874
2,url,https://hans.th-nuernberg.de/video-player?uuid=606fe512-874b-4540-b571-8d7c003837fa&evalId=none&role=everybody,2875
2,url,https://hans.th-nuernberg.de/video-player?uuid=606fe512-874b-4540-b571-8d7c003837fa&evalId=none&role=everybody,2875
2,url,NA,2876
2,url,NA,2876
2,url,https://hans.th-nuernberg.de/video-player?uuid=133155ff-d237-4063-90bc-15e19e0d89ec&evalId=none&role=everybody,2877
2,url,https://hans.th-nuernberg.de/video-player?uuid=133155ff-d237-4063-90bc-15e19e0d89ec&evalId=none&role=everybody,2877
2,url,https://hans.th-nuernberg.de/search-results?evalId=none&role=everybody,2878
2,url,https://hans.th-nuernberg.de/search-results?evalId=none&role=everybody,2878
2,url,https://hans.th-nuernberg.de/login?evalId=none&role=undefined,2879
2,url,https://hans.th-nuernberg.de/login?evalId=none&role=undefined,2879
2,url,NA,2880
2,url,NA,2880
2,url,https://hans.th-nuernberg.de/video-player?uuid=15badf9c-4df5-4a22-b1a4-cfbd7aed7568&evalId=none&role=everybody,2881
2,url,https://hans.th-nuernberg.de/video-player?uuid=15badf9c-4df5-4a22-b1a4-cfbd7aed7568&evalId=none&role=everybody,2881
2,url,https://hans.th-nuernberg.de/video-player?uuid=bd2cd185-5297-48e6-9399-d41c36d16d95&evalId=none&role=everybody,2882
2,url,https://hans.th-nuernberg.de/video-player?uuid=bd2cd185-5297-48e6-9399-d41c36d16d95&evalId=none&role=everybody,2882
2,url,NA,2883
2,url,NA,2883
2,url,https://hans.th-nuernberg.de/video-player?uuid=d2d00b66-5ffa-40e0-9cff-e26824de54e2&evalId=none&role=everybody,2884
2,url,https://hans.th-nuernberg.de/video-player?uuid=d2d00b66-5ffa-40e0-9cff-e26824de54e2&evalId=none&role=everybody,2884
2,url,https://hans.th-nuernberg.de/video-player?uuid=bd2cd185-5297-48e6-9399-d41c36d16d95&evalId=none&role=everybody,2885
2,url,https://hans.th-nuernberg.de/video-player?uuid=bd2cd185-5297-48e6-9399-d41c36d16d95&evalId=none&role=everybody,2885
2,url,NA,2886
2,url,NA,2886
2,url,https://hans.th-nuernberg.de/?evalId=none&role=developer,2887
2,url,https://hans.th-nuernberg.de/?evalId=none&role=developer,2887
2,url,https://hans.th-nuernberg.de/video-player?uuid=1208eada-b774-4275-afcf-568a591724d6&evalId=none&role=everybody,2888
2,url,https://hans.th-nuernberg.de/video-player?uuid=1208eada-b774-4275-afcf-568a591724d6&evalId=none&role=everybody,2888
2,url,https://hans.th-nuernberg.de/video-player?uuid=6b1790e8-cf01-499e-baa8-b8f6f21e4cb2&evalId=none&role=everybody,2889
2,url,https://hans.th-nuernberg.de/video-player?uuid=6b1790e8-cf01-499e-baa8-b8f6f21e4cb2&evalId=none&role=everybody,2889
2,url,https://hans.th-nuernberg.de/video-player?uuid=15badf9c-4df5-4a22-b1a4-cfbd7aed7568&evalId=none&role=everybody,2890
2,url,https://hans.th-nuernberg.de/video-player?uuid=15badf9c-4df5-4a22-b1a4-cfbd7aed7568&evalId=none&role=everybody,2890
2,url,NA,2891
2,url,NA,2891
2,url,https://hans.th-nuernberg.de/video-player?uuid=bd2cd185-5297-48e6-9399-d41c36d16d95&evalId=none&role=everybody,2892
2,url,https://hans.th-nuernberg.de/video-player?uuid=bd2cd185-5297-48e6-9399-d41c36d16d95&evalId=none&role=everybody,2892
2,url,https://hans.th-nuernberg.de/video-player?uuid=bd2cd185-5297-48e6-9399-d41c36d16d95&evalId=none&role=everybody,2893
2,url,https://hans.th-nuernberg.de/video-player?uuid=bd2cd185-5297-48e6-9399-d41c36d16d95&evalId=none&role=everybody,2893
2,url,https://hans.th-nuernberg.de/login?evalId=none&role=undefined,2894
2,url,https://hans.th-nuernberg.de/login?evalId=none&role=undefined,2894
2,url,https://hans.th-nuernberg.de/video-player?uuid=1208eada-b774-4275-afcf-568a591724d6&evalId=none&role=everybody,2895
2,url,https://hans.th-nuernberg.de/video-player?uuid=1208eada-b774-4275-afcf-568a591724d6&evalId=none&role=everybody,2895
2,url,https://hans.th-nuernberg.de/search-results?evalId=none&role=everybody,2896
2,url,https://hans.th-nuernberg.de/search-results?evalId=none&role=everybody,2896
2,url,NA,2897
2,url,NA,2897
2,url,https://hans.th-nuernberg.de/video-player?uuid=d2d00b66-5ffa-40e0-9cff-e26824de54e2&evalId=none&role=everybody,2898
2,url,https://hans.th-nuernberg.de/video-player?uuid=d2d00b66-5ffa-40e0-9cff-e26824de54e2&evalId=none&role=everybody,2898
2,url,https://hans.th-nuernberg.de/video-player?uuid=d2d00b66-5ffa-40e0-9cff-e26824de54e2&evalId=none&role=everybody,2899
2,url,https://hans.th-nuernberg.de/video-player?uuid=d2d00b66-5ffa-40e0-9cff-e26824de54e2&evalId=none&role=everybody,2899
2,url,NA,2900
2,url,NA,2900
2,url,https://hans.th-nuernberg.de/search-results?evalId=none&role=everybody,2901
2,url,https://hans.th-nuernberg.de/search-results?evalId=none&role=everybody,2901
2,url,https://hans.th-nuernberg.de/video-player?uuid=1208eada-b774-4275-afcf-568a591724d6&evalId=none&role=everybody,2902
2,url,https://hans.th-nuernberg.de/video-player?uuid=1208eada-b774-4275-afcf-568a591724d6&evalId=none&role=everybody,2902
2,url,NA,2903
2,url,NA,2903
2,url,NA,2904
2,url,https://hans.th-nuernberg.de/search-results?evalId=none&role=everybody,2905
2,url,https://hans.th-nuernberg.de/search-results?evalId=none&role=everybody,2906
2,url,https://hans.th-nuernberg.de/video-player?uuid=1208eada-b774-4275-afcf-568a591724d6&evalId=none&role=everybody,2907
2,url,NA,2908
2,url,https://hans.th-nuernberg.de/search-results?evalId=none&role=everybody,2909
2,url,https://hans.th-nuernberg.de/video-player?uuid=bd2cd185-5297-48e6-9399-d41c36d16d95&evalId=none&role=everybody,2910
2,url,NA,2911
2,url,NA,2912
2,url,https://hans.th-nuernberg.de/login?evalId=none&role=undefined,2913
2,url,NA,2914
2,url,https://hans.th-nuernberg.de/search-results?evalId=none&role=everybody,2915
2,url,https://hans.th-nuernberg.de/?evalId=none&role=everybody,2916
2,url,https://hans.th-nuernberg.de/video-player?uuid=8ea7e363-e63d-4959-91b6-d6e04c9ea743&evalId=none&role=everybody,2917
2,url,NA,2918
2,url,NA,2919
2,url,https://hans.th-nuernberg.de/video-player?uuid=d2d00b66-5ffa-40e0-9cff-e26824de54e2&evalId=none&role=everybody,2920
2,url,https://hans.th-nuernberg.de/video-player?uuid=1208eada-b774-4275-afcf-568a591724d6&evalId=none&role=everybody,2921
2,url,https://hans.th-nuernberg.de/video-player?uuid=bd2cd185-5297-48e6-9399-d41c36d16d95&evalId=none&role=everybody,2922
2,url,https://hans.th-nuernberg.de/video-player?uuid=b5d28a63-ef1b-4e3a-8c0e-3a613f6219d5&evalId=none&role=everybody,2923
2,url,NA,2924
2,url,NA,2925
2,url,https://hans.th-nuernberg.de/video-player?uuid=96fe80c0-ae0a-48b8-a330-7c525b340918&evalId=none&role=everybody,2926
2,url,https://hans.th-nuernberg.de/video-player?uuid=bd2cd185-5297-48e6-9399-d41c36d16d95&evalId=none&role=everybody,2927
2,url,NA,2928
2,url,https://hans.th-nuernberg.de/video-player?uuid=d2d00b66-5ffa-40e0-9cff-e26824de54e2&evalId=none&role=everybody,2929
2,url,https://hans.th-nuernberg.de/video-player?uuid=bd2cd185-5297-48e6-9399-d41c36d16d95&evalId=none&role=everybody,2930
2,url,NA,2931
2,url,https://hans.th-nuernberg.de/video-player?uuid=1208eada-b774-4275-afcf-568a591724d6&evalId=none&role=everybody,2932
2,url,NA,2933
2,url,https://hans.th-nuernberg.de/video-player?uuid=133155ff-d237-4063-90bc-15e19e0d89ec&evalId=none&role=everybody,2934
2,url,https://hans.th-nuernberg.de/video-player?uuid=ec235ba6-084e-4f00-b731-274f477cafce&evalId=none&role=everybody,2935
2,url,https://hans.th-nuernberg.de/video-player?uuid=133155ff-d237-4063-90bc-15e19e0d89ec&evalId=none&role=everybody,2936
2,url,NA,2937
2,url,https://hans.th-nuernberg.de/search-results?evalId=none&role=everybody,2938
2,url,https://hans.th-nuernberg.de/video-player?uuid=1c165034-681f-483a-8fe2-a315b1b29559&evalId=none&role=everybody,2939
2,url,https://hans.th-nuernberg.de/video-player?uuid=133155ff-d237-4063-90bc-15e19e0d89ec&evalId=none&role=everybody,2940
2,url,https://hans.th-nuernberg.de/video-player?uuid=d2d00b66-5ffa-40e0-9cff-e26824de54e2&evalId=none&role=everybody,2941
2,url,https://hans.th-nuernberg.de/video-player?uuid=1c165034-681f-483a-8fe2-a315b1b29559&evalId=none&role=everybody,2942
2,url,NA,2943
2,url,NA,2944
2,url,NA,2945
2,url,https://hans.th-nuernberg.de/video-player?uuid=6e8c1921-bf46-404d-9d40-15afe0d4fcce&evalId=none&role=everybody,2946
2,url,NA,2947
2,url,https://hans.th-nuernberg.de/?evalId=none&role=everybody,2948
2,url,https://hans.th-nuernberg.de/login?evalId=none&role=everybody,2949
2,url,NA,2950
2,url,https://hans.th-nuernberg.de/video-player?uuid=1208eada-b774-4275-afcf-568a591724d6&evalId=none&role=everybody,2951
2,url,NA,2952
2,url,https://hans.th-nuernberg.de/video-player?uuid=6b1790e8-cf01-499e-baa8-b8f6f21e4cb2&evalId=none&role=everybody,2953
2,url,https://hans.th-nuernberg.de/video-player?uuid=6b1790e8-cf01-499e-baa8-b8f6f21e4cb2&evalId=none&role=everybody,2954
2,url,NA,2955
2,url,NA,2956
2,url,https://hans.th-nuernberg.de/search-results?evalId=none&role=lecturer,2957
2,url,https://hans.th-nuernberg.de/video-player?uuid=15badf9c-4df5-4a22-b1a4-cfbd7aed7568&evalId=none&role=everybody,2958
2,url,NA,2959
2,url,https://hans.th-nuernberg.de/video-player?uuid=15badf9c-4df5-4a22-b1a4-cfbd7aed7568&evalId=none&role=everybody,2960
2,url,https://hans.th-nuernberg.de/video-player?uuid=d2d00b66-5ffa-40e0-9cff-e26824de54e2&evalId=none&role=everybody,2961
2,url,https://hans.th-nuernberg.de/video-player?uuid=ec235ba6-084e-4f00-b731-274f477cafce&evalId=none&role=everybody,2962
2,url,https://hans.th-nuernberg.de/search-results?evalId=none&role=everybody,2963
2,url,NA,2964
2,url,https://hans.th-nuernberg.de/video-player?uuid=ec235ba6-084e-4f00-b731-274f477cafce&evalId=none&role=everybody,2965
2,url,https://hans.th-nuernberg.de/search-results?evalId=none&role=everybody,2966
2,url,NA,2967
2,url,NA,2968
2,url,https://hans.th-nuernberg.de/video-player?uuid=606fe512-874b-4540-b571-8d7c003837fa&evalId=none&role=everybody,2969
2,url,https://hans.th-nuernberg.de/?evalId=none&role=everybody,2970
2,url,https://hans.th-nuernberg.de/video-player?uuid=cbee55f1-a3c2-4b4e-875c-6d2df898f661&evalId=none&role=everybody,2971
2,url,https://hans.th-nuernberg.de/video-player?uuid=6b1790e8-cf01-499e-baa8-b8f6f21e4cb2&evalId=none&role=everybody,2972
2,url,https://hans.th-nuernberg.de/video-player?uuid=606fe512-874b-4540-b571-8d7c003837fa&evalId=none&role=everybody,2973
2,url,NA,2974
2,url,https://hans.th-nuernberg.de/video-player?uuid=cbee55f1-a3c2-4b4e-875c-6d2df898f661&evalId=none&role=everybody,2975
2,url,https://hans.th-nuernberg.de/?evalId=none&role=everybody,2976
2,url,NA,2977
2,url,https://hans.th-nuernberg.de/channels?evalId=none&role=lecturer,2978
2,url,https://hans.th-nuernberg.de/video-player?uuid=cbee55f1-a3c2-4b4e-875c-6d2df898f661&evalId=none&role=everybody,2979
2,url,https://hans.th-nuernberg.de/video-player?uuid=ca1dc850-6545-4680-a03c-44f4d3762f74&evalId=none&role=everybody,2980
2,url,NA,2981
2,url,NA,2982
2,url,https://hans.th-nuernberg.de/video-player?uuid=15badf9c-4df5-4a22-b1a4-cfbd7aed7568&evalId=none&role=everybody,2983
2,url,NA,2984
2,url,https://hans.th-nuernberg.de/login?evalId=none&role=undefined,2985
2,url,NA,2986
2,url,https://hans.th-nuernberg.de/video-player?uuid=15badf9c-4df5-4a22-b1a4-cfbd7aed7568&evalId=none&role=everybody,2987
2,url,https://hans.th-nuernberg.de/video-player?uuid=6b1790e8-cf01-499e-baa8-b8f6f21e4cb2&evalId=none&role=everybody,2988
2,url,https://hans.th-nuernberg.de/video-player?uuid=5bd56af2-6370-4259-82f4-b4321492a057&evalId=none&role=everybody,2989
2,url,NA,2990
2,url,NA,2991
2,url,https://hans.th-nuernberg.de/search-results?evalId=none&role=everybody,2992
2,url,https://hans.th-nuernberg.de/video-player?uuid=a59465a2-6ea8-46ad-8aed-495d0e41518a&evalId=none&role=everybody,2993
2,url,https://hans.th-nuernberg.de/video-player?uuid=606fe512-874b-4540-b571-8d7c003837fa&evalId=none&role=everybody,2994
2,url,https://hans.th-nuernberg.de/video-player?uuid=d2d00b66-5ffa-40e0-9cff-e26824de54e2&evalId=none&role=everybody,2995
2,url,NA,2996
2,url,NA,2997
2,url,https://hans.th-nuernberg.de/video-player?uuid=d2d00b66-5ffa-40e0-9cff-e26824de54e2&evalId=none&role=everybody,2998
2,url,NA,2999
2,url,https://hans.th-nuernberg.de/video-player?uuid=5bd56af2-6370-4259-82f4-b4321492a057&evalId=none&role=everybody,3000
2,url,NA,3001
2,url,NA,3002
2,url,https://hans.th-nuernberg.de/?evalId=none&role=everybody,3003
2,url,NA,3004
2,url,NA,3005
2,url,https://hans.th-nuernberg.de/?evalId=none&role=everybody,3006
2,url,https://hans.th-nuernberg.de/video-player?uuid=15badf9c-4df5-4a22-b1a4-cfbd7aed7568&evalId=none&role=everybody,3007
2,url,https://hans.th-nuernberg.de/video-player?uuid=15badf9c-4df5-4a22-b1a4-cfbd7aed7568&evalId=none&role=everybody,3008
2,url,https://hans.th-nuernberg.de/video-player?uuid=15badf9c-4df5-4a22-b1a4-cfbd7aed7568&evalId=none&role=everybody,3009
2,url,NA,3010
2,url,NA,3011
2,url,NA,3012
2,url,https://hans.th-nuernberg.de/video-player?uuid=bd2cd185-5297-48e6-9399-d41c36d16d95&evalId=none&role=everybody,3013
2,url,https://hans.th-nuernberg.de/video-player?uuid=3ac8af37-af5b-48b9-a726-6f0e123c979d&evalId=none&role=everybody,3014
2,url,https://hans.th-nuernberg.de/video-player?uuid=e76d5ffc-5115-4d15-8772-8e85acb841f0&evalId=none&role=everybody,3015
2,url,https://hans.th-nuernberg.de/video-player?uuid=6b1790e8-cf01-499e-baa8-b8f6f21e4cb2&evalId=none&role=everybody,3016
2,url,https://hans.th-nuernberg.de/?evalId=none&role=everybody,3017
2,url,NA,3018
2,url,https://hans.th-nuernberg.de/video-player?uuid=1208eada-b774-4275-afcf-568a591724d6&evalId=none&role=everybody,3019
2,url,https://hans.th-nuernberg.de/video-player?uuid=3ac8af37-af5b-48b9-a726-6f0e123c979d&evalId=none&role=everybody,3020
2,url,https://hans.th-nuernberg.de/video-player?uuid=1208eada-b774-4275-afcf-568a591724d6&evalId=none&role=everybody,3021
2,url,https://hans.th-nuernberg.de/video-player?uuid=15badf9c-4df5-4a22-b1a4-cfbd7aed7568&evalId=none&role=everybody,3022
2,url,https://hans.th-nuernberg.de/video-player?uuid=b742a6ae-0409-4cb3-9a43-4a12f5e84f8e&evalId=none&role=everybody,3023
2,url,NA,3024
2,url,NA,3025
2,url,https://hans.th-nuernberg.de/channels?evalId=none&role=developer,3026
2,url,https://hans.th-nuernberg.de/video-player?uuid=d2d00b66-5ffa-40e0-9cff-e26824de54e2&evalId=none&role=everybody,3027
2,url,https://hans.th-nuernberg.de/video-player?uuid=15badf9c-4df5-4a22-b1a4-cfbd7aed7568&evalId=none&role=everybody,3028
2,url,https://hans.th-nuernberg.de/video-player?uuid=15badf9c-4df5-4a22-b1a4-cfbd7aed7568&evalId=none&role=everybody,3029
2,url,https://hans.th-nuernberg.de/?evalId=none&role=everybody,3030
2,url,NA,3031
2,url,NA,3032
2,url,https://hans.th-nuernberg.de/video-player?uuid=e76d5ffc-5115-4d15-8772-8e85acb841f0&evalId=none&role=everybody,3033
2,url,NA,3034
2,url,NA,3035
2,url,https://hans.th-nuernberg.de/?evalId=none&role=developer,3036
2,url,NA,3037
2,url,NA,3038
2,url,NA,3039
2,url,NA,3040
2,url,NA,3041
2,url,https://hans.th-nuernberg.de/video-player?uuid=606fe512-874b-4540-b571-8d7c003837fa&evalId=none&role=everybody,3042
2,url,https://hans.th-nuernberg.de/channels?evalId=none&role=developer,3043
2,url,https://hans.th-nuernberg.de/video-player?uuid=133155ff-d237-4063-90bc-15e19e0d89ec&evalId=none&role=everybody,3044
2,url,NA,3045
2,url,NA,3046
2,url,NA,3047
2,url,https://hans.th-nuernberg.de/video-player?uuid=d2d00b66-5ffa-40e0-9cff-e26824de54e2&evalId=none&role=everybody,3048
2,url,https://hans.th-nuernberg.de/channels?evalId=none&role=developer,3049
2,url,https://hans.th-nuernberg.de/video-player?uuid=1208eada-b774-4275-afcf-568a591724d6&evalId=none&role=everybody,3050
2,url,https://hans.th-nuernberg.de/video-player?uuid=15badf9c-4df5-4a22-b1a4-cfbd7aed7568&evalId=none&role=everybody,3051
2,url,NA,3052
2,url,https://hans.th-nuernberg.de/video-player?uuid=d2d00b66-5ffa-40e0-9cff-e26824de54e2&evalId=none&role=everybody,3053
2,url,NA,3054
2,url,NA,3055
2,url,https://hans.th-nuernberg.de/video-player?uuid=3ac8af37-af5b-48b9-a726-6f0e123c979d&evalId=none&role=everybody,3056
2,url,https://hans.th-nuernberg.de/video-player?uuid=133155ff-d237-4063-90bc-15e19e0d89ec&evalId=none&role=everybody,3057
2,url,https://hans.th-nuernberg.de/?evalId=none&role=everybody,3058
2,url,NA,3059
2,url,https://hans.th-nuernberg.de/video-player?uuid=6b1790e8-cf01-499e-baa8-b8f6f21e4cb2&evalId=none&role=everybody,3060
2,url,https://hans.th-nuernberg.de/video-player?uuid=15badf9c-4df5-4a22-b1a4-cfbd7aed7568&evalId=none&role=everybody,3061
2,url,https://hans.th-nuernberg.de/video-player?uuid=6b1790e8-cf01-499e-baa8-b8f6f21e4cb2&evalId=none&role=everybody,3062
2,url,NA,3063
2,url,NA,3064
2,url,NA,3065
2,url,https://hans.th-nuernberg.de/video-player?uuid=606fe512-874b-4540-b571-8d7c003837fa&evalId=none&role=everybody,3066
2,url,https://hans.th-nuernberg.de/video-player?uuid=606fe512-874b-4540-b571-8d7c003837fa&evalId=none&role=everybody,3067
2,url,NA,3068
2,url,https://hans.th-nuernberg.de/video-player?uuid=606fe512-874b-4540-b571-8d7c003837fa&evalId=none&role=everybody,3069
2,url,https://hans.th-nuernberg.de/video-player?uuid=8ea7e363-e63d-4959-91b6-d6e04c9ea743&evalId=313bc85b-ad42-4267-b705-bafd5896038b&role=everybody,3070
2,url,https://hans.th-nuernberg.de/search-results?evalId=none&role=everybody,3071
2,url,NA,3072
2,url,https://hans.th-nuernberg.de/video-player?uuid=96fe80c0-ae0a-48b8-a330-7c525b340918&evalId=313bc85b-ad42-4267-b705-bafd5896038b&role=everybody,3073
2,url,https://hans.th-nuernberg.de/video-player?uuid=e76d5ffc-5115-4d15-8772-8e85acb841f0&evalId=none&role=everybody,3074
2,url,https://hans.th-nuernberg.de/login?evalId=none&role=undefined,3075
2,url,NA,3076
2,url,NA,3077
2,url,https://hans.th-nuernberg.de/video-player?uuid=96fe80c0-ae0a-48b8-a330-7c525b340918&evalId=313bc85b-ad42-4267-b705-bafd5896038b&role=everybody,3078
2,url,https://hans.th-nuernberg.de/?evalId=none&role=everybody,3079
2,url,https://hans.th-nuernberg.de/video-player?uuid=8ea7e363-e63d-4959-91b6-d6e04c9ea743&evalId=none&role=everybody,3080
2,url,https://hans.th-nuernberg.de/video-player?uuid=15badf9c-4df5-4a22-b1a4-cfbd7aed7568&evalId=none&role=everybody,3081
2,url,https://hans.th-nuernberg.de/?evalId=none&role=everybody,3082
2,url,https://hans.th-nuernberg.de/video-player?uuid=133155ff-d237-4063-90bc-15e19e0d89ec&evalId=none&role=everybody,3083
2,url,https://hans.th-nuernberg.de/video-player?uuid=d2d00b66-5ffa-40e0-9cff-e26824de54e2&evalId=none&role=everybody,3084
2,url,https://hans.th-nuernberg.de/video-player?uuid=15badf9c-4df5-4a22-b1a4-cfbd7aed7568&evalId=none&role=everybody,3085
2,url,https://hans.th-nuernberg.de/video-player?uuid=0051ed28-b9ec-4b64-9722-3f2d2dd59aec&evalId=none&role=everybody,3086
2,url,https://hans.th-nuernberg.de/video-player?uuid=15badf9c-4df5-4a22-b1a4-cfbd7aed7568&evalId=none&role=everybody,3087
2,url,https://hans.th-nuernberg.de/video-player?uuid=bd2cd185-5297-48e6-9399-d41c36d16d95&evalId=none&role=everybody,3088
2,url,https://hans.th-nuernberg.de/video-player?uuid=d2d00b66-5ffa-40e0-9cff-e26824de54e2&evalId=none&role=everybody,3089
2,url,NA,3090
2,url,https://hans.th-nuernberg.de/video-player?uuid=6b1790e8-cf01-499e-baa8-b8f6f21e4cb2&evalId=none&role=everybody,3091
2,url,https://hans.th-nuernberg.de/video-player?uuid=b742a6ae-0409-4cb3-9a43-4a12f5e84f8e&evalId=none&role=everybody,3092
2,url,https://hans.th-nuernberg.de/?evalId=none&role=everybody,3093
2,url,https://hans.th-nuernberg.de/login?evalId=none&role=undefined,3094
2,url,https://hans.th-nuernberg.de/video-player?uuid=15badf9c-4df5-4a22-b1a4-cfbd7aed7568&evalId=none&role=everybody,3095
2,url,NA,3096
2,url,NA,3097
2,url,https://hans.th-nuernberg.de/video-player?uuid=15badf9c-4df5-4a22-b1a4-cfbd7aed7568&evalId=none&role=everybody,3098
2,url,https://hans.th-nuernberg.de/video-player?uuid=0c6187db-712f-4088-a190-b18cfe0f9c48&evalId=none&role=everybody,3099
2,url,https://hans.th-nuernberg.de/login?evalId=none&role=undefined,3100
2,url,NA,3101
2,url,https://hans.th-nuernberg.de/video-player?uuid=15badf9c-4df5-4a22-b1a4-cfbd7aed7568&evalId=none&role=everybody,3102
2,url,https://hans.th-nuernberg.de/login?evalId=none&role=undefined,3103
2,url,https://hans.th-nuernberg.de/login?evalId=none&role=undefined,3104
2,url,https://hans.th-nuernberg.de/video-player?uuid=e76d5ffc-5115-4d15-8772-8e85acb841f0&evalId=none&role=everybody,3105
2,url,NA,3106
2,url,NA,3107
2,url,https://hans.th-nuernberg.de/video-player?uuid=8ea7e363-e63d-4959-91b6-d6e04c9ea743&evalId=none&role=everybody,3108
2,url,https://hans.th-nuernberg.de/video-player?uuid=15badf9c-4df5-4a22-b1a4-cfbd7aed7568&evalId=none&role=everybody,3109
2,url,https://hans.th-nuernberg.de/login?evalId=none&role=undefined,3110
2,url,https://hans.th-nuernberg.de/video-player?uuid=0c6187db-712f-4088-a190-b18cfe0f9c48&evalId=none&role=everybody,3111
2,url,https://hans.th-nuernberg.de/login?evalId=none&role=undefined,3112
2,url,https://hans.th-nuernberg.de/video-player?uuid=d2d00b66-5ffa-40e0-9cff-e26824de54e2&evalId=none&role=everybody,3113
2,url,https://hans.th-nuernberg.de/video-player?uuid=15badf9c-4df5-4a22-b1a4-cfbd7aed7568&evalId=none&role=everybody,3114
2,url,https://hans.th-nuernberg.de/?evalId=none&role=everybody,3115
2,url,https://hans.th-nuernberg.de/video-player?uuid=d2d00b66-5ffa-40e0-9cff-e26824de54e2&evalId=none&role=everybody,3116
2,url,https://hans.th-nuernberg.de/video-player?uuid=15badf9c-4df5-4a22-b1a4-cfbd7aed7568&evalId=none&role=everybody,3117
2,url,https://hans.th-nuernberg.de/video-player?uuid=1208eada-b774-4275-afcf-568a591724d6&evalId=none&role=everybody,3118
2,url,NA,3119
2,url,https://hans.th-nuernberg.de/video-player?uuid=15badf9c-4df5-4a22-b1a4-cfbd7aed7568&evalId=none&role=everybody,3120
2,url,https://hans.th-nuernberg.de/video-player?uuid=d2d00b66-5ffa-40e0-9cff-e26824de54e2&evalId=none&role=everybody,3121
2,url,NA,3122
2,url,https://hans.th-nuernberg.de/video-player?uuid=1af4fee4-7999-4579-8eb0-33210b13ce4e&evalId=none&role=everybody,3123
2,url,https://hans.th-nuernberg.de/video-player?uuid=b742a6ae-0409-4cb3-9a43-4a12f5e84f8e&evalId=none&role=everybody,3124
2,url,https://hans.th-nuernberg.de/video-player?uuid=d2d00b66-5ffa-40e0-9cff-e26824de54e2&evalId=none&role=everybody,3125
2,url,https://hans.th-nuernberg.de/login?evalId=313bc85b-ad42-4267-b705-bafd5896038b&role=undefined,3126
2,url,https://hans.th-nuernberg.de/login?evalId=none&role=undefined,3127
2,url,https://hans.th-nuernberg.de/?evalId=none&role=everybody,3128
2,url,NA,3129
2,url,https://hans.th-nuernberg.de/video-player?uuid=15badf9c-4df5-4a22-b1a4-cfbd7aed7568&evalId=none&role=everybody,3130
2,url,NA,3131
2,url,NA,3132
2,url,NA,3133
2,url,https://hans.th-nuernberg.de/video-player?uuid=bd2cd185-5297-48e6-9399-d41c36d16d95&evalId=none&role=everybody,3134
2,url,https://hans.th-nuernberg.de/video-player?uuid=bd2cd185-5297-48e6-9399-d41c36d16d95&evalId=none&role=everybody,3135
2,url,https://hans.th-nuernberg.de/video-player?uuid=e76d5ffc-5115-4d15-8772-8e85acb841f0&evalId=none&role=everybody,3136
2,url,https://hans.th-nuernberg.de/video-player?uuid=15badf9c-4df5-4a22-b1a4-cfbd7aed7568&evalId=none&role=everybody,3137
2,url,https://hans.th-nuernberg.de/video-player?uuid=15badf9c-4df5-4a22-b1a4-cfbd7aed7568&evalId=none&role=everybody,3138
2,url,https://hans.th-nuernberg.de/login?evalId=none&role=undefined,3139
2,url,https://hans.th-nuernberg.de/video-player?uuid=6b1790e8-cf01-499e-baa8-b8f6f21e4cb2&evalId=none&role=everybody,3140
2,url,https://hans.th-nuernberg.de/video-player?uuid=e76d5ffc-5115-4d15-8772-8e85acb841f0&evalId=none&role=everybody,3141
2,url,https://hans.th-nuernberg.de/video-player?uuid=e76d5ffc-5115-4d15-8772-8e85acb841f0&evalId=none&role=everybody,3142
2,url,NA,3143
2,url,NA,3144
2,url,NA,3145
2,url,https://hans.th-nuernberg.de/video-player?uuid=6b1790e8-cf01-499e-baa8-b8f6f21e4cb2&evalId=none&role=everybody,3146
2,url,https://hans.th-nuernberg.de/video-player?uuid=d7d22fe8-b6b6-49d6-bdc7-c00979f9161a&evalId=none&role=everybody,3147
2,url,https://hans.th-nuernberg.de/search-results?evalId=none&role=everybody,3148
2,url,NA,3149
2,url,NA,3150
2,url,https://hans.th-nuernberg.de/video-player?uuid=15badf9c-4df5-4a22-b1a4-cfbd7aed7568&evalId=none&role=everybody,3151
2,url,NA,3152
2,url,NA,3153
2,url,NA,3154
2,url,https://hans.th-nuernberg.de/video-player?uuid=ec235ba6-084e-4f00-b731-274f477cafce&evalId=313bc85b-ad42-4267-b705-bafd5896038b&role=everybody,3155
2,url,https://hans.th-nuernberg.de/video-player?uuid=d7d22fe8-b6b6-49d6-bdc7-c00979f9161a&evalId=313bc85b-ad42-4267-b705-bafd5896038b&role=everybody,3156
2,url,NA,3157
2,url,https://hans.th-nuernberg.de/?evalId=none&role=everybody,3158
2,url,https://hans.th-nuernberg.de/search-results?evalId=none&role=everybody,3159
2,url,NA,3160
2,url,https://hans.th-nuernberg.de/?evalId=none&role=everybody,3161
2,url,https://hans.th-nuernberg.de/video-player?uuid=606fe512-874b-4540-b571-8d7c003837fa&evalId=none&role=everybody,3162
2,url,https://hans.th-nuernberg.de/search-results?evalId=none&role=everybody,3163
2,url,NA,3164
2,url,https://hans.th-nuernberg.de/video-player?uuid=e76d5ffc-5115-4d15-8772-8e85acb841f0&evalId=none&role=everybody,3165
2,url,NA,3166
2,url,https://hans.th-nuernberg.de/?evalId=none&role=everybody,3167
2,url,https://hans.th-nuernberg.de/video-player?uuid=606fe512-874b-4540-b571-8d7c003837fa&evalId=none&role=everybody,3168
2,url,NA,3169
2,url,NA,3170
2,url,https://hans.th-nuernberg.de/login?evalId=none&role=undefined,3171
2,url,https://hans.th-nuernberg.de/video-player?uuid=15badf9c-4df5-4a22-b1a4-cfbd7aed7568&evalId=none&role=everybody,3172
2,url,https://hans.th-nuernberg.de/?evalId=none&role=everybody,3173
2,url,https://hans.th-nuernberg.de/?evalId=none&role=everybody,3174
2,url,https://hans.th-nuernberg.de/video-player?uuid=1af4fee4-7999-4579-8eb0-33210b13ce4e&evalId=none&role=everybody,3175
2,url,https://hans.th-nuernberg.de/video-player?uuid=15badf9c-4df5-4a22-b1a4-cfbd7aed7568&evalId=none&role=everybody,3176
2,url,https://hans.th-nuernberg.de/video-player?uuid=606fe512-874b-4540-b571-8d7c003837fa&evalId=none&role=everybody,3177
2,url,https://hans.th-nuernberg.de/search-results?evalId=none&role=everybody,3178
2,url,https://hans.th-nuernberg.de/video-player?uuid=96fe80c0-ae0a-48b8-a330-7c525b340918&evalId=none&role=everybody,3179
2,url,https://hans.th-nuernberg.de/video-player?uuid=6b1790e8-cf01-499e-baa8-b8f6f21e4cb2&evalId=none&role=everybody,3180
2,url,https://hans.th-nuernberg.de/video-player?uuid=d2d00b66-5ffa-40e0-9cff-e26824de54e2&evalId=none&role=everybody,3181
2,url,NA,3182
2,url,NA,3183
2,url,https://hans.th-nuernberg.de/video-player?uuid=bd2cd185-5297-48e6-9399-d41c36d16d95&evalId=none&role=everybody,3184
2,url,https://hans.th-nuernberg.de/video-player?uuid=d2d00b66-5ffa-40e0-9cff-e26824de54e2&evalId=none&role=everybody,3185
2,url,https://hans.th-nuernberg.de/video-player?uuid=e76d5ffc-5115-4d15-8772-8e85acb841f0&evalId=none&role=everybody,3186
2,url,https://hans.th-nuernberg.de/video-player?uuid=e76d5ffc-5115-4d15-8772-8e85acb841f0&evalId=none&role=everybody,3187
